codeDepartement3d,url
048,https://www.liberation.fr/resultats-elections/occitanie/lozere/
023,https://www.liberation.fr/resultats-elections/nouvelle-aquitaine/creuse/
976,https://www.liberation.fr/resultats-elections/mayotte/mayotte/
090,https://www.liberation.fr/resultats-elections/bourgogne-franche-comte/territoire-de-belfort/
973,https://www.liberation.fr/resultats-elections/guyane/guyane/
005,https://www.liberation.fr/resultats-elections/provence-alpes-cote-d-azur/hautes-alpes/
02A,https://www.liberation.fr/resultats-elections/corse/corse-du-sud/
015,https://www.liberation.fr/resultats-elections/auvergne-rhone-alpes/cantal/
009,https://www.liberation.fr/resultats-elections/occitanie/ariege/
004,https://www.liberation.fr/resultats-elections/provence-alpes-cote-d-azur/alpes-de-haute-provence/
02B,https://www.liberation.fr/resultats-elections/corse/haute-corse/
052,https://www.liberation.fr/resultats-elections/grand-est/haute-marne/
055,https://www.liberation.fr/resultats-elections/grand-est/meuse/
046,https://www.liberation.fr/resultats-elections/occitanie/lot/
032,https://www.liberation.fr/resultats-elections/occitanie/gers/
058,https://www.liberation.fr/resultats-elections/bourgogne-franche-comte/nievre/
036,https://www.liberation.fr/resultats-elections/centre-val-de-loire/indre/
065,https://www.liberation.fr/resultats-elections/occitanie/hautes-pyrenees/
070,https://www.liberation.fr/resultats-elections/bourgogne-franche-comte/haute-saone/
043,https://www.liberation.fr/resultats-elections/auvergne-rhone-alpes/haute-loire/
019,https://www.liberation.fr/resultats-elections/nouvelle-aquitaine/correze/
008,https://www.liberation.fr/resultats-elections/grand-est/ardennes/
082,https://www.liberation.fr/resultats-elections/occitanie/tarn-et-garonne/
039,https://www.liberation.fr/resultats-elections/bourgogne-franche-comte/jura/
061,https://www.liberation.fr/resultats-elections/normandie/orne/
010,https://www.liberation.fr/resultats-elections/grand-est/aube/
012,https://www.liberation.fr/resultats-elections/occitanie/aveyron/
018,https://www.liberation.fr/resultats-elections/centre-val-de-loire/cher/
053,https://www.liberation.fr/resultats-elections/pays-de-la-loire/mayenne/
089,https://www.liberation.fr/resultats-elections/bourgogne-franche-comte/yonne/
047,https://www.liberation.fr/resultats-elections/nouvelle-aquitaine/lot-et-garonne/
041,https://www.liberation.fr/resultats-elections/centre-val-de-loire/loir-et-cher/
003,https://www.liberation.fr/resultats-elections/auvergne-rhone-alpes/allier/
007,https://www.liberation.fr/resultats-elections/auvergne-rhone-alpes/ardeche/
016,https://www.liberation.fr/resultats-elections/nouvelle-aquitaine/charente/
087,https://www.liberation.fr/resultats-elections/nouvelle-aquitaine/haute-vienne/
079,https://www.liberation.fr/resultats-elections/nouvelle-aquitaine/deux-sevres/
011,https://www.liberation.fr/resultats-elections/occitanie/aude/
088,https://www.liberation.fr/resultats-elections/grand-est/vosges/
081,https://www.liberation.fr/resultats-elections/occitanie/tarn/
028,https://www.liberation.fr/resultats-elections/centre-val-de-loire/eure-et-loir/
086,https://www.liberation.fr/resultats-elections/nouvelle-aquitaine/vienne/
972,https://www.liberation.fr/resultats-elections/martinique/martinique/
024,https://www.liberation.fr/resultats-elections/nouvelle-aquitaine/dordogne/
073,https://www.liberation.fr/resultats-elections/auvergne-rhone-alpes/savoie/
971,https://www.liberation.fr/resultats-elections/guadeloupe/guadeloupe/
040,https://www.liberation.fr/resultats-elections/nouvelle-aquitaine/landes/
066,https://www.liberation.fr/resultats-elections/occitanie/pyrenees-orientales/
021,https://www.liberation.fr/resultats-elections/bourgogne-franche-comte/cote-d-or/
025,https://www.liberation.fr/resultats-elections/bourgogne-franche-comte/doubs/
002,https://www.liberation.fr/resultats-elections/hauts-de-france/aisne/
026,https://www.liberation.fr/resultats-elections/auvergne-rhone-alpes/drome/
051,https://www.liberation.fr/resultats-elections/grand-est/marne/
050,https://www.liberation.fr/resultats-elections/normandie/manche/
071,https://www.liberation.fr/resultats-elections/bourgogne-franche-comte/saone-et-loire/
080,https://www.liberation.fr/resultats-elections/hauts-de-france/somme/
084,https://www.liberation.fr/resultats-elections/provence-alpes-cote-d-azur/vaucluse/
072,https://www.liberation.fr/resultats-elections/pays-de-la-loire/sarthe/
001,https://www.liberation.fr/resultats-elections/auvergne-rhone-alpes/ain/
027,https://www.liberation.fr/resultats-elections/normandie/eure/
037,https://www.liberation.fr/resultats-elections/centre-val-de-loire/indre-et-loire/
045,https://www.liberation.fr/resultats-elections/centre-val-de-loire/loiret/
063,https://www.liberation.fr/resultats-elections/auvergne-rhone-alpes/puy-de-dome/
022,https://www.liberation.fr/resultats-elections/bretagne/cotes-d-armor/
054,https://www.liberation.fr/resultats-elections/grand-est/meurthe-et-moselle/
014,https://www.liberation.fr/resultats-elections/normandie/calvados/
017,https://www.liberation.fr/resultats-elections/nouvelle-aquitaine/charente-maritime/
042,https://www.liberation.fr/resultats-elections/auvergne-rhone-alpes/loire/
064,https://www.liberation.fr/resultats-elections/nouvelle-aquitaine/pyrenees-atlantiques/
068,https://www.liberation.fr/resultats-elections/grand-est/haut-rhin/
085,https://www.liberation.fr/resultats-elections/pays-de-la-loire/vendee/
030,https://www.liberation.fr/resultats-elections/occitanie/gard/
074,https://www.liberation.fr/resultats-elections/auvergne-rhone-alpes/haute-savoie/
060,https://www.liberation.fr/resultats-elections/hauts-de-france/oise/
049,https://www.liberation.fr/resultats-elections/pays-de-la-loire/maine-et-loire/
056,https://www.liberation.fr/resultats-elections/bretagne/morbihan/
974,https://www.liberation.fr/resultats-elections/la-reunion/la-reunion/
029,https://www.liberation.fr/resultats-elections/bretagne/finistere/
095,https://www.liberation.fr/resultats-elections/ile-de-france/val-d-oise/
057,https://www.liberation.fr/resultats-elections/grand-est/moselle/
035,https://www.liberation.fr/resultats-elections/bretagne/ille-et-vilaine/
006,https://www.liberation.fr/resultats-elections/provence-alpes-cote-d-azur/alpes-maritimes/
067,https://www.liberation.fr/resultats-elections/grand-est/bas-rhin/
094,https://www.liberation.fr/resultats-elections/ile-de-france/val-de-marne/
093,https://www.liberation.fr/resultats-elections/ile-de-france/seine-st-denis/
091,https://www.liberation.fr/resultats-elections/ile-de-france/essonne/
083,https://www.liberation.fr/resultats-elections/provence-alpes-cote-d-azur/var/
034,https://www.liberation.fr/resultats-elections/occitanie/herault/
038,https://www.liberation.fr/resultats-elections/auvergne-rhone-alpes/isere/
076,https://www.liberation.fr/resultats-elections/normandie/seine-maritime/
077,https://www.liberation.fr/resultats-elections/ile-de-france/seine-et-marne/
031,https://www.liberation.fr/resultats-elections/occitanie/haute-garonne/
078,https://www.liberation.fr/resultats-elections/ile-de-france/yvelines/
092,https://www.liberation.fr/resultats-elections/ile-de-france/hauts-de-seine/
044,https://www.liberation.fr/resultats-elections/pays-de-la-loire/loire-atlantique/
062,https://www.liberation.fr/resultats-elections/hauts-de-france/pas-de-calais/
033,https://www.liberation.fr/resultats-elections/nouvelle-aquitaine/gironde/
069,https://www.liberation.fr/resultats-elections/auvergne-rhone-alpes/rhone/
075,https://www.liberation.fr/resultats-elections/ile-de-france/paris/
013,https://www.liberation.fr/resultats-elections/provence-alpes-cote-d-azur/bouches-du-rhone/
059,https://www.liberation.fr/resultats-elections/hauts-de-france/nord/
